3100 S MANCHESTER ST APT 1032,,FALLS CHURCH,VA,22044    
3737 Ashford Dunwoody Rd,,Atlanta,GA,
825 W GOLF VIEW DR,,TUCSON,AZ,857379130
1806 BRACKENBURY PL,,MONTGOMERY,AL,361171752
435 BROWN RD,,FAYETTEVILLE,GA,302155643
5090 Richmond Ave,Apt 84,Houston,TX,
8791 ABBEY RIDGE AVE,,LAS VEGAS,NV,89149    
4810 N 31st Pl,,Phoenix,AZ,
88 SOUTH 10TH STR,#1B,BROOKLYN,NY,11211    
15100 W 10 MILE RD,,OAK PARK,MI,000048237
1912 N PARHAM ROAD,,RICHMOND,VA,
2228 WINSTON DR,,STERLING HEIGHTS,MI,000048310
220 26TH ST NW,APT 1304,ATLANTA,GA,303091916
513 BOYD SPRINGS RD,,LAPINE,AL,36046    
539 GREY HAWK WAY,,FAIRBURN,GA,
3317 GABLES DR NE,,ATLANTA,GA,30319    
2250 LAKESHORE AVE,APT 6,OAKLAND,CA,946061058
435 Kennesaw Ave,,Marietta,GA,
1141 E LAS PALMARITAS DR,,PHOENIX,AZ,85020    
,,,AK,
2606 BYBEE BRANCH RD,,MCMINNVILLE,TN,37110    
9707 W PLEASANT VALLEY RD,,SUN CITY,AZ,853512051
129 LAKE CHATEAU DR,,HERMITAGE,TN,370763010
608 FIELDBROOK CT,,MONTGOMERY,AL,361173324
639 BLUFF MANOR CIR,,SAINT CHARLES,MO,63303    
9132 MARIE ST,,LIVONIA,MI,000048150
681 W FRUIT TREE LN,,QUEEN CREEK,AZ,
PO BOX 332,,SNOWFLAKE,AZ,859370332
710 N 13TH ST,,PHOENIX,AZ,85006    
280 LAKEVIEW TRL,,COVINGTON,GA,30016    
1115 LILLY RD,,IOTA,LA,70543    
28 DIXON ST,,NEWNAN,GA,302631653
32461 OLDE FRANKLIN DR,,FARMINGTON HILLS,MI,000048334
2512 HIBISCUS AVE APT 4,,MCALLEN,TX,785011652
6329 SAINT CROIX TRL N,,STILLWATER,MN,550826935
4139 E MCDOWELL RD,LOT C93,PHOENIX,AZ,
5937 PORTMOUTH DR,,MONTGOMERY,AL,
5764 PORT CONCORDE LANE,,ORLANDO,FL,
614 W BUENA VISTA AVE,,NORTH AUGUSTA,SC,29841    
6910 W Fayetteville Rd,,Riverdale,GA,30296    
106 PRESERVE PKY,,BALL GROUND,GA,30107    
1832 BANBRIDGE DR,,CLARKSVILLE,IN,47129    
6690 DRESSAGE CROSSING,,CUMMING,GA,
6808 MERRYWOOD DR,,FAIRBURN,GA,30213    
740 LA PLAYA ST,APT 229,SAN FRANCISCO,CA,941213265
12642 N 111TH DR,,YOUNGTOWN,AZ,853631104
7715 EL PENSADOR DR,,DALLAS,TX,752484309
233 TROUT HAVEN RD,,RICHMONDVILLE,NY,12149    
415 BETHESTA PARK TRAIL,,LAWRENCEVILLE,GA,30044    
137 Gina Drive,,Carrollton,GA,301160000
521 ROCKBRIDGE RD NW,,LILBURN,GA,300476026
4537 PINE PARK DRIVE,,MONTGOMERY,AL,
8758 VAUGHN RD,,MONTGOMERY,AL,361178863
595 SPALDING DRIVE,,ATLANTA,GA,30328    
3804 CRIMSON CLOVER AVE,,WAKE FOREST,NC,275873885
203 REX HYDE RD,,NEWNAN,GA,30263    
180 ANNETTA RD,,WEATHERFORD,TX,
5020 TWIN LAKES DR,,OLD HICKORY,TN,371381238
305 OAKWOOD TRACE,,ACWORTH,GA,30102    
5035 WILLOW BLUFF,,ATLANTA,GA,
60 PARK AVENUE,,HAMDEN,CT,06517    
2699 EDMUND DR,,GULF BREEZE,FL,
482 KINGSLEY CT,,TOMS RIVER,NJ,087535661
3105 CARDINAL LAKE CIR,,DULUTH,GA,300963931
924 LIGHTHOUSE LAGOON,CT,PANAMA CITY,FL,
2005 VENETIAN DR SW,,ALTANTA,GA,30311    
13358 Jacque Road,,Strongsville,OH,
633 LAKESCENE DR,,VENICE,FL,34293    
127 BARBERRY LN,,PEACHTREE CTY,GA,302694291
APT G304,113 SE 16TH AVE,GAINESVILLE,FL,32601    
17226 N FAIRWAY COURT,,GLENDALE,AZ,85308    
1414 E ASHMAN ST,,MIDLAND,MI,48642    
3629 LAKE SWAMP RD,,DARLINGTON,SC,295326727
2126 YORKSHIRE COURT,,WOODSTOCK,GA,30189    
3984 WILLIS WAY,,MILTON,FL,
12 TOGO RD,,TOMS RIVER,NJ,087576167
812 ENGLISH AVE,,AUSTIN,IN,47102    
571 WESTMORELAND RD,,GRIFFIN,GA,302236296
8749 STONERIDGE PLACE,,MONTGOMERY,AL,
925 FULTON ST,,JEFFERSONVILLE,IN,47130    
8913 GLEN ROSE WAY,,MONTGOMERY,AL,36117    
10203 HAMILTON GLEN,,JONESBORO,GA,30238    
11373 GA HIGHWAY 34,APT 2,FRANKLIN,GA,302176391
5016 CAMBRIDGE LANE,,VILLA RICA,GA,30180    
30875 LINCOLNSHIRE E,,BEVERLY HILLS,MI,000048025
1105 E CLOUD RD,,PHOENIX,AZ,85086    
1337 ARKWRIGHT ST,APT 105,SAINT PAUL,MN,551303317
756 TIMBERLAND ST SE,,SMYRNA ,GA,
902 Brisbane St. NE,,Palm Bay,FL,
1275 S ETON ST,,BIRMINGHAM,MI,480097182
259 OLANTA DR,,THE VILLAGES,FL,321628754
73 PINE HILL RD,,HENNIKER,NH,032423020
228 OLD COLUMBIA RD,,DICKSON,TN,37055    
6674 WESTPOINT ST,,TAYLOR,MI,000048180
8410 GABRIEL CT.,,GAINESVILLE,GA,
540 TULLAMORE WAY,,ALPHARETTA,GA,30004    
3950 E MCLELLAN RD NO 11,,MESA,AZ,
13660 MONTFORT DR 2069,,DALLAS,TX,75240    
16628 CHARLESTON DR,,SPLENDORA,TX,773725950
meadow lane,,parma,OH,44129    
8713 STONERIDGE PL,,MONTGOMERY,AL,36117    
8370 E FILLMORE RD,,ITHACA,MI,48847    
366 E ALVARADO RD,,PHOENIX,AZ,85004    
13002 KIMBROUGH LANE,,WOODBRIDGE,VA,22193    
3974 WIMBLEDON PARK,,MOBILE,AL,
1040 W CAMERON AVE APT 27N,,ROCKDALE,TX,76567    
7408 PEBBLE PT,,WEST BLOOMFIELD,MI,
12606 MAGNA CARTA ROAD,,HERNDON,VA,20171    
2451 CASON LN,,MURFREESBORO,TN,37128    
15067 N 30TH DR,,PHOENIX,AZ,850534841
700 POLLY AVE,,AZLE,TX,
224 FORIO AVENUE,,MT CARMEL,IL,62863    
3112 FOXRIDGE RD,,CHARLOTTE,NC,
1420 S 700 E,,MARION,IN,46953    
819 KING ST LOT P,,GRAPEVINE,TX,76051    
4325 250TH AVE,,NEW AUBURN,WI,547578406
P.O. BOX 344,,GOODWATER,AL,35072    
8506 BERRINGTON CT,,MONTGOMERY,AL,361178419
31160 PORTSIDE DR,,NOVI,MI,000048377
1111 THE HIDEOUT PO BOX 1111,PO BOX 1111,LAKE ARIEL,PA,184369759
11865 Morning Misty Drive,,Alpharetta,GA,
5502 CHANTILLY CIR,,MILTON,FL,325831688
3545 HERITAGE HILL RD,,TUSKEGEE,AL,360836217
9707 BIRCHWOOD PIKE,,HARRISON,TN,37341    
2648 OLD STATE HIGHWAY 28,,DUNLAP,TN,
HC 65 BOX 255R,,ALPINE,TX,79830    
375 Grand Teton Circle,,Fayetteville,GA,
7600 NANKIN CT,,WESTLAND,MI,000048185
116 Towaliga S Road,,Jackson,GA,
9100 JACKSON RD,,DEXTER,MI,000048130
15561 W CLEAR CANYON DR,,SURPRISE,AZ,85374    
5987 TULIP HILL RD,,COLUMBUS,OH,43235    
5777 Spring Mill Circle,,Lithonia,GA,30038    
3986 LONG PLACE,,CARLSBAD,CA,
3619 PLEASANT RDG RD,,MONTGOMERY,AL,36109    
214A CUMBERLAND CIR,,NASHVILLE,TN,37214    
1307 W RUNION DR,,PHOENIX,AZ,
4541 PLUMMER CT,,MONTGOMERY,AL,
240 Woodrill Way,,Atlanta,GA,
709 EDNEY STREET,,FT WORTH,TX,
4924 W COUNTRY GABLES DRIVE,,GLENDALE,AZ,85306    
6214 E HORSESHOE RD,,PARADISE VALLEY,AZ,
4312 ACACIA DR,,PENSACOLA,FL,32503    
200 SUNSET AVE APT 7,,ATLANTA,GA,
1389 Wesley Circle,,Atlanta,GA,30327    
4297 WALLAHATCHEE RD,,PIKE ROAD,AL,36064    
3580 MCGEHEE PL DR. S APT,,MONTGOMERY,AL,
2225 CAMP CREEK CHURCH RD,,MOORESBORO,NC,28114    
1821 S NOPONE VALLEY RD,,DECATUR,TN,37322    
1031 S 81ST ST,,MESA,AZ,85208    
1302 SUMMERSET COURT,,SELLERSBURG,IN,47172    
5323 REXFORD CT,,MONTGOMERY,AL,36116    
UNKNOWN,,Melbourne,FL,
172 ERAMO TERRACE,,HAMDEN,CT,
414 SINCLAIR AVE NE,,ATLANTA,GA,303071931
6163 ALLPOINT WAY,,FAIRBURN,GA,302134681
910 FREEDOM LANE,,ROSWELL,GA,30075    
3109 CIMMARON OAKS CT,,OAKTON,VA,221242800
PO BOX 1465,,VENICE,FL,342841465
5675 Roswell Rd,Apt 60k,Atlanta,GA,
359 Maddox Cir,,Jackson,GA,
198 W MARIPOSA ST,STE 7,PHOENIX,AZ,850132549
2602 FIFIELD RD UNIT 309,,PELLA,IA,502197929
916 MEDFORD AVE,,PENSACOLA,FL,
146 ATKIN HILL RD,,Wetumpka,AL,36092    
2100 BENNINGTON COURT,,LAWRENCEVILLE,GA,30043    
657 SUNSHINE TRCE NW,,ACWORTH,GA,301026324
5827 PLEASANT VIEW LN,,TWO RIVERS,WI,542419506
13108 GRANGER RD,,CLEVELAND,OH,441251941
906 BURNT HICKORY CIR NW,,MARIETTA,GA,
5533 BROOKE RIDGE DR,,ATLANTA,GA,303383199
257 DOGWOOD VIEW LANE,,SUWANEE,GA,30024    
,,,  ,         
1216 NW 6TH PLACE,,GAINESVILLE,FL,32601    
2112 LAYTON ST LOT 19,,HALTOM CITY,TX,
3335 POTTER RD,,EAU CLAIRE,WI,54703    
15265 NW 150 RD,APT 1081,ALACHUA,FL,32615    
1227 SETTLEBENCH LN NW,,KENNESAW,GA,301443039
4205 W ZELAR ST,,TAMPA,FL,
5189 CHARMANT PLACE,,ATLANTA,GA,30360    
2450 SHELDON STREET,2450 SHELDON STREET,ROSEVILLE,MN,55113    
2812 CRANMORE CT,,MARIETTA,GA,30066    
230 CARRIAGE CIRCLE,,STOCKBRIDGE,GA,30281    
210 TRENTON DRIVE,,WYLIE,TX,
1302 SEMINOLE DR,,RICHARDSON,TX,750803735
3800 E BERRIDGE LANE,,PARADISE VALL,AZ,85253    
4921 SEMINARY RD APT 524,,ALEXANDRIA,VA,22311    
115 BONNIE LANE,,SANDY SPRINGS,GA,30328    
5000 BLACKBERRY LANE,,BUFORD,GA,30518    
7485 ODESSY TRAIL,,GAINESVILLE,GA,30506    
4380 HURDS CORNER RD,,CASS CITY,MI,487269495
250 E 96TH ST,B5,BROOKLYN,NY,11212    
105 BAYLEAF LN,,ROCKPORT,TX,783827006
365 LITTLE ST,,BELLEVILLE,NJ,07109    
7325 CARNIVAL LN,,NEW PORT RICHEY,FL,34653    
1306 WALL ST,APT 507,JEFFERSONVLLE,IN,471303861
7620 RYEFIELD DR,,DUNWOODY,GA,
797 WHITE RD,,WETUMPKA,AL,360928104
11830 GRANITE WOODS LOOP,,VENICE,FL,34292    
106 RUTH LN,,LA VERGNE,TN,370862035
4149 MCEVER PARK DRIVE,,ACWORTH,GA,30101    
1960 E BROWN ST,,PARIS,AR,72855    
PO BOX 2001,,VENICE,FL,342842001
901B STRATFORD COURT,,MANCHESTER,NJ,
4744 SUMMER LN,,BROOKLYN,OH,441443051
2432 HERRING WOODS TRL,,GRAYSON,GA,300174093
7419 BERNE STREET,,ROSEMEAD,CA,
147 DILLONS RUN,,DEATSVILLE,AL,
730 GOODPASTURE TER,,NASHVILLE,TN,372213543
1824 WANDA DR,,PRATTVILLE,AL,36067    
34 DEER TRL,,STOCKBRIDGE,GA,302815124
1449 MIMS RD,,HOPE HULL,AL,36043    
5549 TIMBER BEND DR,,BRIGHTON,MI,000048116
3818 Martingale Dr Se,,Conyers,GA,30094    
2935 DOCTORS LAKE DR,,ORANGE PARK,FL,32073    
261 Breckenridge Cir SE,,Palm Bay,FL,329092337
9915 OAKRIDGE DR,,OVERLAND PARK,KS,662121649
3030 SALISBURY DR,,ALPHARETTA,GA,30004    
5645 REMINGTON WAY,,LANSING,MI,48917    
3558 PHILLIPS HWY,RM 226,JACKSONVILLE,FL,32207    
PO BOX 200,,CATAWBA,VA,24070    
4320 WHITE HICKORY LANE,,KENNESAW,GA,30152    
3133 SMOKESTONE CT NE,,ATLANTA,GA,30345    
5 AGATE COURT,,BROOKLYN,NY,11213    
3410 W STATE ROAD 60,,SALEM,IN,471676484
7316 HIDDEN LAKE CIR,,FAIRVIEW,TN,37062    
PMB NO 235 RAINBOW DR # 13528,,LIVINGSTON,TX,773992035
12071 E MERCER LN,,SCOTTSDALE,AZ,852594248
613 FRANKLIN AVE,2ND FL,BROOKLYN,NY,11238    
633 LEXINGTON PKWY N,,SAINT PAUL,MN,55104    
1836 STAR SAPPHIRE COURT,,LAS VEGAS,NV,
7199 WESTCHESTER,,WEST BLOOMFIELD,MI,000048322
2513 DONJAY AVE,,KISSIMMEE,FL,34741    
675 WHITE OAK D   E,,BLUE RIDGE,VA,24064    
5700 N BEACH ST APT 1507,,HALTOM CITY,TX,
88 LEWIS AVENUE 3,,BROOKLYN,NY,11212    
4853 PENINSULA POINTE DR,,HERMITAGE,TN,37076    
2818 HEMINGWAY LN,,ROSWELL,GA,30075    
7300 Sparkling Lake Dr,,Orlando,FL,
33004 DEER TRAIL,,ALPHARETTA,GA,30004    
61 MAYFLOWER LN,,PINE MOUNTAIN,GA,31822    
89 OAK TREE VILLAGE PARK,BOX 10,BLAIRSVILLE,GA,30512    
756 DUBUQUE DRIVE,,MONTGOMERY,AL,
211 NORTHERN AVE,,FARMINGDALE,ME,043444616
6275 HAMPTON HIGHLANDS DR,,CUMMING,GA,300414097
1176 Lakefield Walk,,Marietta,GA,
2402 KILPATRICK PL,,DUMFRIES,VA,220262541
18084 WARRINGTON DR,,DETROIT,MI,48221    
177 HARRISON PLACE,,HAMPTON,GA,30228    
105 CARLTON AVE,IVY HOUSE,BROOKLYN,NY,11205    
255 WILSON AVE,3A,BROOKLYN,NY,11237    
1972 HIGHLAND PKWY,,SAINT PAUL,MN,551161351
3034 BEACH GROVE CT,NO 16,JEFFERSONVILLE,IN,47130    
2930 W CAMELBACK RD,APT 172,PHOENIX,AZ,85017    
6516 AVENUE JUAN DIAZ,,RIVERSIDE,CA,925096238
29668 FARMBROOK VILLA CT,,SOUTHFIELD,MI,000048034
49190 VILLAGE POINTE DR,,SHELBY TOWNSHIP,MI,48315    
800 Haven Oaks Ct,,Atlanta,GA,
5097 JENNIFER CIR,,HERMANTOWN,MN,558111786
3438 MT BURNSIDE WAY,,WOODBRIDGE,VA,22192    
104 PARK PL,,STOCKBRIDGE,GA,
6696 OAK,,TAYLOR,MI,48180    
112 LAUREL CROSSING,,BLUE RIDGE,GA,30513    
11635 Laurel Lake Dr,,Roswell,GA,
404 Woodchase Way,,Woodstock,GA,
1000 STERLING LANE,,CROWLEY,TX,76036    
244 King St W,,Saint Paul,MN,551072727
945 IVY FALLS DR NW,,ATLANTA,GA,303283600
28275 6 MILE RD,,LIVONIA,MI,000048152
9666 Fernwood Dr. Apt. B-93,,Olmsted Falls,OH,
PO BOX 6171,,BLUEFIELD,WV,
233 HOMERINE ST NE,,CONCORD,NC,280253332
1386 LAFAYETTE DR APT C,,NEWPORT NEWS,VA,
9800 AUSTIN ST NE,,CIRCLE PINES,MN,55014    
3601 KERNAN BLVD S,APT 1524,JACKSONVILLE,FL,322249606
754 E CHURCH ST,,WILLIAMSTON,MI,48895    
13572 TOWERING OAKS DR,,SHELBY TOWNSHIP,MI,48315    
PO BOX 242252,,MONTGOMERY,AL,
316 NE 43RD TER,,GAINESVILLE,FL,
7135,,NORTH OLMSTED,OH,44070    
8089 W COUNTY ROAD 1050 S,,REELSVILLE,IN,461719314
1589 ANDREA ST,,YPSILANTI,MI,48198    
2119 S 7th Avenue,,Maywood,IL,
733 DEERWOOD DR.,,STOCKBRIDGE,GA,
63 MUSGROVE RD,,GRIFFIN,GA,30223    
1069 STATE HIGHWAY 176,,ROCKAWAY BCH,MO,65740    
PO BOX 866,,BROWNSBORO,TX,757560866
2341 S BRISTOL,,MESA,AZ,852091470
627 BAILEY AVE,,DUMAS,TX,790293101
8785 STURDY DR,,SAINT LOUIS,MO,631261839
3029 SHARPVIEW LN,,DALLAS,TX,
347 FARRIS LN,,MADISONVILLE,KY,424318838
4530 Del Sol Blvd. South,,Sarasota,FL,34243    
6689 MARCOS AVE,,ORLANDO,FL,32809    
5315 FARGO CT,,GULF BREEZE,FL,
1910 BOHANNON RD,,GRANTVILLE,GA,30220    
3136BARICLIFF RD APT F,,ATLANTA,GA,
12 MANASSAS DR,,TOMS RIVER,NJ,087575807
625 AUNT LUCY LANE,SUITE 53,SMYRNA,GA,30082    
10203 GLEN VISTA DR,,DALLAS,TX,752173577
3309 GATWICK PLACE,,FARMERS BRANCH,TX,75234    
3542 MAYFAIR ROAD,,MONTGOMERY,AL,
1311 NW 51ST TERR,,GAINESVILLE,FL,32605    
218 GATES AVE,2U,BROOKLYN,NY,11238    
756 N MANASOTA KEY RD,,ENGLEWOOD,FL,34223    
2241 CO RD 21 NR,,VERBENA,AL,
3369 LOVELESS CURV,,MONTGOMERY,AL,361084023
6311 S RENELLIE CT,,TAMPA,FL,33616    
1897 CRIDERS CHURCH RD,,CHAMBERSBURG,PA,17202    
54 MOUNTAIN RIVERS LANE,,MINERAL BLUFF,GA,30559    
2008 FARM HILL CT,,STOCKBRIDGE,GA,302819103
618 LEWIS ST,,RIVER FALLS,WI,54022    
3119 N 38TH ST,UNIT  1,PHOENIX,AZ,85018    
7130 W VOLTAIRE AVE,,PEORIA,AZ,85381    
10804 MOUNTVIEW AVE,,GARFIELD HEIGHTS,OH,44125    
2413 PROOMWOOD LOOP APT 11,,MONTGOMERY,AL,
12 HOPE DR,,MONTGOMERY,AL,361102818
6 SANTO DOMINGO DRIVE,,TOMS RIVER,NJ,
7215 VIVIAN ST,,TAYLOR,MI,000048180
101 STARLANE DR,,PETAL,MS,394653729
1202 KENT BROWN RD,,GARLAND,TX,75044    
131 LYNN DR,,UNION SPRINGS,AL,
25 LACLEDE AVE,,FRAMINGHAM,MA,017014248
1711 SUMMER ST,,BURLINGTON,IA,52601    
2197 Concord Road,,Concord,GA,
18907 N. 68 AVE.,,GLENDALE,AZ,
1116 MOUNTAIN OAK RD UNIT 4130,,ELLIJAY,GA,30536    
122 ELSINORE ST,,CONCORD,MA,01742    
471 THOMAS FERRY RD,,JACKSON,GA,30233    
678 W 126TH ST S,,JENKS,OK,74037    
1501 COUNTRY HILLS DR,,CANTONMENT,FL,325335154
30328 SHADY GROVE RD,,ANDALUSIA,AL,36421    
5407 W SHAW BUTTE DR,,GLENDALE,AZ,853042729
305 LULLWATER CIRCLE,,NEWNAN,GA,30263    
26704 NORFOLK ST,,INKSTER,MI,000048141
RT 1 BOX 1949,C O RACHEL GATLIN,OBRIAN,FL,32071    
8538 FM 1004,,BURA,TX,77612    
3211 W D IVISIO N ST # 219,,ARLINGTON,TX,76012    
968 EASTERN OAKS DR,,MONTGOMERY,AL,36117    
18154 N STERLING DR,,SURPRISE,AZ,85374    
553 YEARGAN RD,,PIKEVILLE,TN,373678203
4314 PERSHING AVE,,PARMA,OH,
1317 TAYLOR TOWN ROAD,,RANGER,GA,30734    
1901 E SEMINARY DR,UNIT 320,FORT WORTH,TX,
603 TUSCARAWAS AVE NW,,NEW PHILADELPHIA,OH,44663    
715 WESTWOOD LN,,BRANDON,FL,335115821
4932 E WINDROSE DR,,SCOTTSDALE,AZ,852544178
2300 PEACHFORD ROAD,,DUNWOODY,GA,
1790 CEDAR HILL,,DOUGLASVILLE,GA,30134    
7315 E 300 S,,HUNTSVILLE,UT,843179690
5948 BURR OAK AVE,,HILLSIDE,IL,60163    
641 HANDY RD,,HIRAM,GA,301411926
27650 SPRING ARBOR DR,,SOUTHFIELD,MI,000048076
215 AUTUMNWOOD VILLAGE,,WETUMPKA,AL,36092    
6701 WEST MONTEREY WAY,,PHOENIX,AZ,85033    
7074 HAWK WOODS DR,,WEST BLOOMFIELD,MI,000048322
1269 MCKUSICK RD LN N,,STILLWATER,MN,55082    
APT 125,615 E PORTLAND STREET,PHOENIX,AZ,
506 RIVERWOOD DR,,ENTERPRISE,AL,
8122 W FLAMINGO RD,UNIT 58,LAS VEGAS,NV,891474215
20231 YONKA ST,,DETROIT,MI,48234    
15540 FLOAT LN,,APPLE VALLEY,MN,551246020
404 BROWN STREET,,PRINCETON,WV,
15662 WELLINGTON ST,,TAYLOR,MI,000048180
516 NORTH SHORE RD,,LITHONIA,GA,
5221 W Wood Dr,,Glendale,AZ,
13557 NW 7TH RD,,NEWBERRY,FL,32669    
230 SUMPTER ST.,#2,BROOKLYN,NY,11233    
5721 ARGYLE DR,,PARSONSBURG,MD,218492076
5468 VILLA TRACE,,HOOVER,AL,
7281 HARMONY LANE,,KEYSTONE HEIGHTS,FL,
720 Mill Cir,,Alpharetta,GA,30022    
255 Bethlehem Rd,,Copperhill,TN,
3430 CHARTLEY LANE,,ROSWELL,GA,30075    
6 PLEASANT VIEW CIR,,DOVER,NH,038202922
169 TAGAN RD,,TALLASSEE,AL,36078    
5590 NORWICH PKWY APT 123,,OAK PARK HEIGHTS,MN,
15951 West Smoeky Drive,,Surprise,AZ,
1381 BRONX RIVER AVE,,BRONX,NY,10472    
14 MANOR PL,,BRANFORD,CT,06405    
1400  W VALLEY RIDGE BLVD,6303,LEWISVILLE,TX,75077    
81 W MAIN ST,,MERIDEN,CT,064514148
6709 S SHERIDAN RD,,TAMPA,FL,336115211
105 TWIN OAKS LANE,,WETUMPKA,AL,
21820 MANOR CT,,FARMINGTON,MI,000048336
3381 WINDJAMMER DR,,SPRING HILL,FL,34607    
PO BOX 177,,HAYDEN,AZ,851351003
555 POOL RD,,NORTH HAVEN,CT,06473    
1350 BEDFORD AV,#6H,BROOKLYN,NY,11216    
10141 ROAD 1518,,PHILADELPHIA,MS,393504826
8107 TALON CT,,MONTGOMERY,AL,361176926
2592 LAKE VISTA DR,,LITTLE RIVER,SC,29566    
114 S 18TH AVE,,MAYWOOD,IL,
54 Griffin Drive,,Newnan,GA,
613 MILLER COUNTY 141,,TEXARKANA,AR,718540608
9830 Lake Forrest Way,,Roswell,GA,
200 RIVER OAKS DR APT 31E,,WETUMPKA,AL,36092    
38636 FARWELL DR,,FREMONT,CA,
2601 WINCHESTER RD,,MONTGOMERY,AL,
11950 SE 30TH ST,,MORRISTON,FL,32668    
13510 CLIFFORD AVE,,CLEVELAND,OH,44135    
3750 CASTLEMAN ST,,FORT WORTH,TX,
9 WEATHERSTONE POINTE DR,,OODSTOCK,GA,30188    
1558 COUNTY ROAD 247,,CLANTON,AL,
3 PORTSMOUTH TOWNE ST,,SOUTHFIELD,MI,000048075
16541 PATTON ST,,DETROIT,MI,48219    
11537 ROXBURY ST,,DETROIT,MI,48224    
1829 E BEVERLY RD,,PHOENIX,AZ,85040    
12030 Brookmill Point,,Alpharetta,GA,30004    
992 EASTERN OAKS DR,,MONTGOMERY,AL,
232 CLARIDGE CURV,,PEACHTREE CITY,GA,302692627
1706 HARKRIDER LN,,MOUNT PLEASANT,TX,75455    
7102 STERLING GROVE DR,,SPRINGFIELD,VA,000022150
10002 N 7th Street,Apt No 2078,Phoenix,AZ,
5555 E HINSDALE CIR,,CENTENNIAL,CO,801222537
433 S NAPOLEON AV,,COLUMBUS,OH,
RACHEL N HALL-ALLEN,1331 BRADYVILLE PI,MURFREESBORO,TN,37130    
425 TWIN LAKES DR,,PENSACOLA,FL,32504    
35967 JAMISON ST,,LIVONIA,MI,48154    
7090 post rd,,dublin,OH,43016    
1008 E COUNTY LINE RD,,UNDERWOOD,IN,47177    
321 FREDERICK STREET,,BLUEFIELD,WV,
6630 WST RD. 56,,HANOVER,IN,47243    
3970 CANIFF,UPPER,HAMTRAMCK,MI,48212    
53 CREEKWOOD DR,,GRIFFIN,GA,
2249 PINE VALLEY RD,,POWDER SPRINGS,GA,
PO BOX 690,,HIRAM,GA,
5045 Highway 92  north,,Fairburn,GA,
108 N Greenfield Rd,Apt 2308,Mesa,AZ,
6569 HOMESTEAD RD LOT 36,,REX,GA,
302 MELILOT CT,,WOODSTOCK,GA,301887066
3865 CHERRY RIDGE WALK,,SUWANEE,GA,300242373
100 HART ST,#2A,BROOKLYN,NY,11206    
1883 W Placita Rancho Naranjo,,Tucson,AZ,
110 W AIRPORT RD,APT 5,PAYSON,AZ,85541    
13054 W GREENWAY RD,,SURPRISE,AZ,853744026
3236 204TH ST,,BAYSIDE,NY,11361    
5418 GRANTLAND DR,,DAYTON,OH,45429    
265 S WASHINGTON BLVD,,SARASOTA,FL,34236    
21090 400 AVE,,ELLIS,KS,676379514
8005 Huntcliff Rd,,Woodstock,GA,
PO BOX 121,,PETERSTOWN,WV,249630121
124 W WINSTON DR,,PHOENIX,AZ,850418444
745 E HURON RIVER DR,LOT 60,BELLVILLE,MI,48111    
459 PRENTIS ST,APT 202,DETROIT,MI,48201    
1504 NW 4TH STREET,,GAINESVILLE,FL,32601    
SS36 OLD ORCHARD DR,,FORT WORTH,TX,76123    
89 LONG LEAF DR,,WEDOWEE,AL,36278    
3955 S W 2ND AVENUE,,GAINESVILLE,FL,32607    
191 RICHARDSON RD,,FITCHBURG,MA,01420    
2147 DORADO DR,,LAS CRUCES,NM,88011    
1258 HAYES DRIVE SE,,SMYRNA,GA,30080    
PO BOX 21,,GRAND CANYON,AZ,860230021
7728 LANCASTER GATE,,FRISCO,TX,75035    
80 GRESHAM DR,,MILLBROOK,AL,36054    
4828 ALCOTT 201,,FORT WORTH,TX,76120    
402 MONROE ST APT 303,,ALEXANDRIA,LA,71301    
205 REGENTS PARK,,STOCKBRIDGE,GA,30281    
5 VINGUT LN,,SETAUKET,NY,117333048
12535 N 78TH DR,,PEORIA,AZ,
6302 LAUREL OAK LN,,ARLINGTON,TX,760018459
311 GABBETTVILLE RD,,LAGRANGE,GA,
1817 E PARK PL,,JEFFERSONVILLE,IN,471304864
119 CHADDS VW,,ACWORTH,GA,301017924
285 OLD US 231 HWY,,GRADY,AL,36036    
1352 BIG CREEK RD,,ELLIJAY,GA,30540    
731 LAWNDALE CIR,,FORT LAWN,SC,29714    
333 Seville Pointe Ave,,Orlando,FL,
35 BRIGHT SPOT ST,,PIKE ROAD,AL,
124 SWEETGUM RD,,PEACHTREE CITY,GA,30269    
1445 GENEVA LOOP APT 5H,,BROOKLYN,NY,11239    
5900 E THOMAS APT#D103,,SCOTTSDALE,AZ,85251    
308 CEMETARY ROAD,,BUXTON,ME,04093    
76 26TH ST NW,,ATLANTA,GA,30309    
5344 RAYLEYS MILLRD,,BETHUNE,SC,29009    
1010 HOLCOMBE ST S,,STILLWATER,MN,550825752
2330 SANDGATE RD,,ATLANTA,GA,30349    
23849 MAPLE CT,,SOUTH LYON,MI,000048178
PO BOX 72722,,NEWNAN,GA,30271    
273 ELYSIAN FIELD RD.,,NASHVILLE,TN,37211    
116 Ulster Ct,,Melbourne,FL,
4729 W BETHANY HEIGHTS,,GLENDALE,AZ,85301    
4360 HIGHWAY 63,,FREEBURG,MO,65035    
28 CHESTERFIELD LN,,TOMS RIVER,NJ,08757    
24301 MORITZ ST,,OAK PARK,MI,48237    
7749 ARNOLD PALMER WAY,,LAS VEGAS,NV,891496489
3715 BRIGANTINE CT,,ACWORTH,GA,30102    
3562A W PERCH RD,,IRON RIDGE,WI,53035    
417 SWAYBACK LN,,WETUMPKA,AL,36092    
7906 CORDER DR,,CHARLOTTE,NC,
175 SMOKE RISE RDG,,BLAIRSVILLE,GA,305124154
1454 E GRAND BLVD,,DETROIT,MI,48211    
5601-D KEYWAY BLVD,,CHARLOTTE,NC,
3370 LANSBURY VILLAGE DR. #2,,ATLANTA,GA,30341    
47 HILLCREST DR,,THOMASTON,GA,
4435 SETTINGDOWN ROAD,,CUMMING,GA,30041    
3851 N 28TH ST,,PHOENIX,AZ,
14 WHISPER WAY,,BARNEGAT,NJ,080058106
5220 STERLING TRACE CT,,LILBURN,GA,30047    
2607 SNOW RD,,CLEVELAND,OH,44134    
185 NEVINS ST,13B,BROOKLYN,NY,11217    
1025 RIVER OVERLOOK DR,,LAWRENCEVILLE,GA,
3172 AUTUMN GREEN WAY,,JEFFERSONVILLE,IN,47130    
1525 Park Creek Lane,,Atlanta,GA,30319    
5926 E MOCKINGBIRD LN,,DALLAS,TX,
6100 EAGLES NEST CIRCLE,,MANASSAS,VA,20112    
11 THOMAS DR,,SCOTT DEPOT,WV,25560    
PO BOX 141,,NEWBERRY,FL,
2842 CHERRY BLOSSOM LANE,,MURFREESBORO,TN,37129    
2395 PEEKSVILLE ROAD,,LOCUST GROVE,GA,30248    
2390 King Richard Road,,Melbourne,FL,
3600 SW 19TH AVE,APT  40,GAINESVILLE,FL,32607    
10700 LAKEWOOD AVE,,EL PASO,TX,79935    
P O BOX 500,,BECKLEY,WV,
3217 ANTRIM CIR,,DUMFRIES,VA,220263329
141 E 26TH ST,,HOLLAND,MI,000049423
907 BROOKE VALLEY CT,,HERMITAGE,TN,37076    
23020 W LORRAINE ST,APT 101,BROWNSTOWN TWP,MI,48183    
PO BOX 623,,BASYE,VA,228100623
9 JUPITER WAY,,MACEDON,NY,145028904
233 MAGNOLIA DR,,PRATTVILLE,AL,36067    
683 Lakeview Trail,,Marietta,GA,
4170 ZEIGLER RD,,MILLBROOK,AL,
671 KEENEKAND WAY,,MONTGOMERY,AL,
3800 SHERWOOD,,FORT WORTH,TX,76107    
334 TIMBERLANE ROAD,,WETUMPKA,AL,
2115 DOWNEY DR,,COLLEGE PARK,GA,303494305
1009 E LAKE CT,,NASHVILLE,TN,37214    
1021 E TURNEY,APT 14,PHOENIX,AZ,85014    
6957 W BROWN ST,,PEORIA,AZ,853456896
33 CARIBOU DRIVE,,MANCHESTER,NJ,
15059 W VERDE LANE,,GOODYEAR,AZ,
5 MAPLECREST COURT,,TOMS RIVER,NJ,
6380 BUTTERNUT DR,,MILTON,FL,
7505 TROTTER CT.,,FORT WORTH,TX,76123    
406 MAPLEHURST CT,,MANCHESTER,NJ,
184 SPUR RD,,CORNISH,ME,040203821
1823 COUNTY ROAD 79,,BILLINGSLEY,AL,360063601
2005 43rd Avenue C,,Meridian,MS,
137 PAYNE RD,,MONTGOMERY,AL,
6130 PINEBURR RD APT 415,,CHARLOTTE,NC,
247 Avens Rd,,Palm Bay,FL,
204 CLOVERLY RD,,GROSSE POINTE FARM,MI,000048236
PO BOX 724871,,ATLANTA,GA,311391871
521 CHATSWORTH DR,,MONTGOMERY,AL,
8104 HUDSON FALLS WAY,,SPRINGFIELD,VA,221533002
3020 HOOVER AVE,,DAYTON,OH,45402    
16 BROKEN ARROW CT NE,,RYDAL,GA,301711647
112 OAKWOOD DR,,WATERLOO,SC,29384    
880 GLENWOOD AVE SE,,ATLANTA,GA,303161825
2105 E S BLVD,,MONTGOMERY,AL,36116    
2102 E SCOTT CT,,MONTGOMERY,AL,
1633 Mulberry Lane,,Melbourne,FL,
2747 IOWA DR,,TROY,MI,000048083
3469 S LITZLER DR,,FLAGSTAFF,AZ,860018953
7110 DECKER LANE,,CHARLESTOWN,IN,47111    
2121 Cheryl Ct,,Melbourne,FL,
3457 GOLD MINE HWY,,KERSHAW,SC,
8743 W DAVIS RD,,PEORIA,AZ,85382    
628 BELLOWS LN,,CHARLOTTE,NC,28270    
3757 Baccurate Way,,Marietta,GA,30062    
579 BIDWELL ST,APT 1,SAINT PAUL,MN,551073609
3950 SPRING VALLEY RD  ,APT. 733_1,FARMERS BRANCH,TX,
4766 MCKEE COURT SW,,MABLETON,GA,
1928 US HWY 12,,BALDWIN,WI,54002    
2802 W FOOTHILL DR #36,,PHOENIX,AZ,
7109 E 33RD PL,,TUCSON,AZ,857105721
3937 Hardee Drive,,Kennesaw,GA,30152    
7435 Maple Leaf Blvd.,,Columbus,OH,
185 FASHION CROSSING,,MCDONOUGH,GA,
711 CESSNA,,PENSACOLA,FL,
23303 St Croix TrL N,,Scandia,MN,
1055 STABLEWAY ROAD,,PIKE ROAD,AL,
120 ROSE ISLAND WAY,APT 1408,PONTE VEDRA,FL,320821282
929 DEASON RD,,DICKSON,FL,32055    
27055 PINEWOOD DR APT 203,,WIXOM,MI,483933293
6289 MANCHESTER RD,,PARMA,OH,441295040
24630 VALLEY AVE,,EASTPOINTE,MI,000048021
921 Burn Dr Ne,,Palm Bay,FL,
2225 RT 1624,,FLAT GAP,KY,41219    
PO BOX 5266,,GODFREY,IL,62035    
1234 LONGFELLOW DR,,CLARKSVILLE,IN,47129    
122 STATE PARK DR,,BAY CITY,MI,487062142
1467 E 34TH ST 1,,BROOKLYN,NY,11234    
249 CLASSON AV,5A,BROOKLYN,NY,11205    
PO BOX 10339,,JACKSONVILLE,FL,
2624 NEW YORK AVE NW,,ROANOKE,VA,24017    
1427 SEMINOLE AV,,SPRINGFIELD,OH,45506    
200 A 4TH AVE,APT 4D,BROOKLYN,NY,11217    
2201 N CENTRAL AVE,APT 9F,PHOENIX,AZ,85004    
420 BEDFORD TERRACE,,PRATTVILLE,AL,
17909 GEAUGA LAKE RD,,CHAGRIN FALLS,OH,
1352 SHERIDAN CT,,TROY,OH,45373    
2016 COLLINGWOOD ST,,DETROIT,MI,48206    
335 W 22ND ST,,FREMONT,NE,68025    
3855 COUNTY LINE RD,,WINFIELD,PA,178898713
13 ALYCE LN,,BELLA VISTA,AR,727143157
1126 Porter Avenue NW,,Palm Bay,FL,
3601 CLAIBORNE CIR,,MONTGOMERY,AL,
201 WALKER ST,,PRATTVILLE,AL,
135 MYRTLE ST,,JASPER,GA,30143    
PO BOX 660,107 - NEWTON,AVONDALE ESTATES,GA,30002    
7425 MINNOW BROOK WAY,,LAND O LAKES,FL,
318 PINE RIDGE LANE,,LAVERGNE,TN,37086    
2133 CO RD 85,,DEATSVILLE,AL,
12751 NADINE AVE,,HUNTINGTON WOODS,MI,000048070
10812 MELBOURNE AVE,,ALLEN PARK,MI,48101    
284 Ermines Way,,McDonough,GA,30253    
PO BOX 1526,,KILN,MS,395561526
3225 STANCIL DR,,DACULA,GA,300191003
1060 E NUTTER ST,,MARTINSVILLE,IN,461512350
APT 812,595 SIX FLAGS DR,AUSTELL,GA,30168    
557 PLANTERS ROW,,LILBURN,GA,30047    
14440 MORNING MOUNTAIN WAY,,MILTON,GA,30004    
700 PARK REGENCY PL NE,NUM 707,ATLANTA,GA,30326    
368 NORMAN RD,,GRISWOLD,CT,063511326
120 WESTBOURNE DR,,TYRONE,GA,302901655
1532 ALDER LANE,,ATLANTA,GA,
9522 GLANDON ST,,BELLFLOWER,CA,907063019
620 ROBERTSON ST,,WAUWATOSA,WI,532133336
3265 York Drive,,Woodbury,MN,
6255 SALEM CIR APT 913,,FORT WORTH,TX,76132    
10 WOODLAND ROAD,,BAYVILLE,NJ,
1275 MID BROADWELL RD,,ALPHARETTA,GA,30004    
7447 OLD HICKORY BLVD,,WHITES CREEK,TN,371899166
1175 BLUE IRIS CT,APT 203,WISCONSIN RAPIDS,WI,54494    
3253 BLOOMFIELD PARK DR,,W BLOOMFLD,MI,000048033
411 Walnut Street #2683,,Green Cove Springs,FL,
5774 AMALFI WAY,,DOUGLASVILLE,GA,30135    
206 ARLINGTON AVE,,CHARLESTOWN,IN,47111    
201 THORPE RD,,JACKSON,GA,302333736
5147 ROSWELL ROAD UNIT 1,,ATLANTA,GA,30342    
2751 RD 103,,POPLAR GROVE,AR,72374    
2511 COUNTY RD 9,,CLANTON,AL,
1401 S SANFORD AVE,,SANFORD,FL,327713553
5002 SHADOW GLEN CT,,DUNWOODY,GA,30338    
209 RIVERVIEW BLVD,,CHESTER,IL,62233    
4211 STRATHMORE DR,APT C,MONTGOMERY,AL,361163251
5 ANDOVER CT,,MANCHESTER TOWNSHIP,NJ,
1930 EWING AVE,,CHARLOTTE,NC,
1112 WEST  ARROWLAKE CT,,FORT MILL,SC,29707    
591 NW 125 AVE,,MIAMI,FL,331821255
16114 HIGHWAY 62,,CHARLESTOWN,IN,47111    
1426 JONJUCA CT,,STONE MOUNTAIN,GA,30088    
142 NELSON RD,,DEATSVILLE,AL,36022    
6208 WATERFORD BLVD APT 81,,OKLAHOMA CITY,OK,731181112
232 BENTON FIELDS,,STOCKBRIDGE,GA,30281    
2620 GILBERT STREET,,SMYRNA,GA,30080    
2221 N HIMES,,TAMPA,FL,33607    
5310 W SILVER DR,,SANTA ANA,CA,
440 MARTIN DAM RD,,TALLASSEE,AL,
4600 EMORY OAK WOODS,,SAN ANTONIO,TX,78249    
26 BUCKEYE CT,,SHARPSBURG,GA,30277    
5911 BUCKNER CREEK DR,,MABLETON,GA,301262794
3189 E Sierra Vista Dr,,Paradise Valley,AZ,
6141 LONGWOOD CHASE,,CANTON,GA,30115    
1520 CO RD 85,,PRATTVILLE,AL,36067    
442 S COLLEGE ST,,METTER,GA,304394840
655 THOMAS AVE,,PRATTVILLE,AL,
3469 NW 11 AVE,,GAINESVILLE,FL,32605    
209 JOHN C HUNTER ROAD,,SHARPSBURG,GA,30277    
460 Old Creek Road NE,,Atlanta,GA,30342    
28 MONROE AVE,,TOMS RIVER,NJ,087553245
130 HEMLOCK DRIVE,,NEWNAN,GA,30263    
6720 CROSS GATE ST,,CUMMING,GA,30040    
60 SCHOOL ST,,BRISTOL,NH,032223264
4057 RUNNING BROOK DR,,JOSHUA,TX,76058    
1725 WENTWORTH DRIVE,,MONTGOMERY,AL,
5600 BOULDER HWY APT 284,,LAS VEGAS,NV,89122    
2911 N Nashville Ave,,Chicago,IL,
85 DIE BEND RD,,MURPHY,NC,
32010 111TH CT SE,,AUBURN,WA,980922556
6114 HIGHTOWER RD,,FORT LAWN,SC,
5663 CALMAR DR,APT E,MONTGOMERY,AL,
6670 RED OAK CT,,FORT WORTH,TX,76135    
12234 PINNEY ST,,SYLMAR,CA,91342    
2117 HARRISON AVE,,FORT WORTH,TX,76110    
610 W PIONEER APPT  D,,GRAND PRAIRIE,TX,75051    
3941 TEABERRY LN.,,FORT WORTH,TX,
8800 CHAMBORE DRIVE,,JACKSONVILLE,FL,32256    
10950 W UNION HILLS DR APT 624,,SUN CITY,AZ,
131 BEECHTREE DR,,TOMS RIVER,NJ,087531758
524 Greystone Trace,,Marietta,GA,
469 CRUMP MILL RD,,MARTIN,GA,30557    
8901 BREWER RD.,,DOUGLASVILLE,GA,30134    
3636 CHERBOURG WAY,,MARIETTA,GA,30062    
940 Linsley Way,,Stone Mountain,GA,30087    
292 SOUTHSHORE DR,,FOREST LAKE,MN,550251608
4 LEE CIR,,KINGSTON,MA,023641602
P.O. BOX 20912,,MONTGOMERY,AL,
5314 BIRDS VIEW LANE,UNIT D,ALEXANDRIA,VA,
5 CHERRY ST,,WETUMPKA,AL,360921400
510 HOUND RDG NE,,ATLANTA,GA,30328    
3129 ST IVES,CC PARKWAY,JOHNS CREEK,GA,30097    
5671 HAVENS CORNERS RD,,COLUMBUS,OH,432303135
3104 E CAMELBACK RD,,PHOENIX,AZ,850164502
EDWARD J,VAN MERRIENBOER,RIVER FOREST,IL,
4148 W EL CAMINO DR,,PHOENIX,AZ,850514630
4209 WHITBY WAY,,SMYRNA,GA,
240 LONGVIEW DR,,NORCROSS,GA,30071    
4615 Roswell Rd,,Atlanta,GA,
5181 CENTENNIAL CREEK VW NW,,ACWORTH,GA,301022175
2129 W New Haven Ave #230,,Melbourne,FL,
5546 N 19TH ST,,PHOENIX,AZ,
7202 CLEVELAND LN,,FAIRVIEW,TN,37062    
1559 ELIZABETH LN,,ESSEXVILLE,MI,000048732
215 FIELDSTONE DRIVE,,MURFREESBORO,TN,
6800 WEST MAPLE RD,506-W,W BLOOMFIELD,MI,48322    
204 AUTUMN SPRINGS ROAD,,DEATSVILLE,AL,36022    
3409 JET DR,,STOVER,MO,65078    
1692 STILESBORO RIDGE DR,,KENNESAW,GA,
219 SE 138TH AVE,,MICANOPY,FL,32667    
1569 HIGHWAY 236 E,,LONOKE,AR,72086    
2236 SMOKE STONE CIRCLE,,MARIETTA,GA,30062    
14 PILGRIM WAY,,NEWNAN,GA,30265    
4441 N JOKAKE DR,,SCOTTSDALE,AZ,85251    
11900 HOLLY SPRING DRIVE,,GREAT FALLS,VA,
14226 W COUNTRY GABLES DR,,SUPRISE,AZ,85379    
98 MACON ST,3B,BROOKLYN,NY,11216    
1303 CROSSINGS DRIVE,,MILLBROOK,AL,36054    
1845 MAPLE ST UNIT 4,,WENATCHEE,WA,98801    
2168 W 81ST STREET,,CLEVELAND,OH,44102    
24385 VILLAGE WALK PL,APT F107,MURRIETA,CA,92562    
4537 HUNTER RD,869 PEACH PLACE DR,FORT MILL,SC,
APT 200,2600 COBBLE HILL DR,WOODBURY,MN,55125    
416 BRYN BROOKE DR,,DAWSONVILLE,GA,305346594
3219 MONTWOOD DRIVE,,MONTGOMERY,AL,
84 MENAHAN ST APT 3A,,BROOKLYN,NY,11221    
3643 MADOLYN LANE,,MONTGOMERY,AL,
PO BOX 505,,WEST FORK,AR,727740505
127 S MADISON ST,,PRINCETON,IN,476702223
325 CLASSON AV,12F,BROOKLYN,NY,11205    
12830 NOEL RD,APT 1031,DALLAS,TX,752301011
468 COUNTY ROAD 34760,,PARIS,TX,754600701
302 PERIMETER CENTER NORTH#,,ATLANTA,GA,30346    
159 JEFFREY DR,,MONTGOMERY,AL,
704 WEST CONWAY DRIVE,,ATLANTA,GA,30327    
2113 ECHO BAY STREET UNIT 203,,LAS VEGAS,NV,
P O Box 1631,,Snowflake,AZ,
506 DELAVAN AVE,FL 2,NEWARK,NJ,07107    
1707 HILLSIDE ST,,MARIETTA,GA,30066    
1055 WESTMOOR DR NW,,ATLANTA,GA,30314    
5105 N 60TH ST,,MILWAUKEE,WI,532184104
5614 STATE ROAD 11 TRLR 16E,,ELKHORN,WI,531214262
4668 Raiders Ridge Court,,Lithonia,GA,30038    
111 TOWER RD APT 409,,MARIETTA,GA,30060    
6451 PARKWAY EAST,,HARRISBURG,PA,17112    
3010 FORESTBROOK DR,APT 1,CHARLOTTE,NC,282082667
102 MAIN ST,,ROUNDUP,MT,590722830
42209 Mill Creek Ave,,Alpharetta,GA,
5200 ROYALTON RD,APT 1C,N ROYALTON ,OH,44133    
157 DOREY AVE,,MC MINNVILLE,TN,37110    
1403 NE 18TH AVENUE,,GAINESVILLE,FL,32609    
6208 WOODBURY PIKE,,MURFREESBORO,TN,371277523
830 Salem Road,,Miner Bluff,GA,
5495 Fort Fisher Way,,Norcross,GA,
4048 BONFIELD DR,,MONTGOMERY,AL,36116    
1630 SHADY CREST LN,,MONTEREY PARK,CA,
843 RIDGECREST ST,,MONTGOMERY,AL,36105    
3501 E NEW HAVEN AVE LOT 1,,COLUMBIA,MO,652015444
1144 LITTLE ROCK WAY,,LAS VEGAS,NV,
APT 609,3100 DEVONSHIRE RD,CLEVELAND,OH,44109    
5150 LINDAHL RD,,DULUTH,MN,558118703
8024 SPRING GARDEN RD,,PARMA,OH,
7000 LONGVIEW BEACH RD,,JEFFERSONVILLE,IN,47130    
283 HORSE CORNER RD,,CHICHESTER,NH,032586036
18966 PLANTATION DR,,MACOMB,MI,000048044
2662 BATAVIA ST,,ATLANTA,GA,30344    
3730 MILL POND RD,,FAIRFAX,VA,22030    
500 HOMEWARD WAY,,STILLWATER,MN,550828393
3621 EAGLEROCK DR,,ATLANTA,GA,303404105
2324 WEAVERVILLE DR,,HENDERSON,NV,890444518
7761 MULHALL DR,,JACKSONVILLE,FL,
212 GREENLEAF CT,,POMPTON PLAINS,NJ,07444    
20050 OAK RD E,,GULF SHORES,AL,365425718
12715 CARTE DR,,TAMPA,FL,33618    
P.O BOX 217,,TOWNVILLE,SC,29689    
1912 GREENBRIER AVE,,WEST LAFAYETTE,IN,
2924 BURBANK DR,,CHARLOTTE,NC,
909 PRESTWICK,,RICHARDSON,TX,
4302 SWANN AVENUE,,TAMPA,FL,33609    
2190 Fairfax Dr,,Alpharetta,GA,
3136 VALLEYDALE DR SW,,ATLANTA,GA,303113064
3750 W DEPUTY LN,,TUCSON,AZ,857429174
805 ST. MARKS AV,A6G,BROOKLYN,NY,11213    
150 LAKE AVE NE,,MASSILLON,OH,44646    
2446 Greenfield Ln,,Jonesboro,GA,
3446 CR 655,,FARMERSVILLE,TX,75442    
7131 N 47TH ST,,PARADISE VALLEY,AZ,
6714 W CATALINA DR,,PHOENIX,AZ,850335630
800 INDIANA AVE APT B6,,SAINT MARYS,OH,458851379
921 JUNEAU RD,,YPSILANTI,MI,000048198
14090 HOPEWELL RD,,ALPHARETTA,GA,30004    
9209 W LEWIS AVE,,PHOENIX,AZ,85037    
APT 101,3355 VILLAGE COURT LN NE,ROANOKE,VA,24012    
96 BOW LAKE ESTATES RD,,STRAFFORD,NH,038846706
6455 Ivey Chase St,,Mableton,GA,
7001 HANSELL 2113,,PLANO,TX,
5040 BUTTONBUSH LN,,NORTH ROYALTON,OH,44133    
560 Cool Creek Trail SE,,Mableton,GA,30126    
12629 CALYPSO LANE ,,SODDY DAISY,TN,37379    
1396 PADRES PL,,PRATTVILLE,AL,360676518
1200 BON TERRE BLVD,,PIKE ROAD,AL,36064    
1404 HIGHLAND WAY,,HIXSON,TN,373435007
7225 TALL TREE LANE,,CHARLOTTE,NC,28214    
3757 GLENEAGLES LANE,,TUCKER,GA,30084    
10900 HARLEY RD,,LORTON,VA,
3685 Richardson Cir,,Stockbridge,GA,
50 ESTHER DR,,EAST AURORA,NY,140521110
312 N MONTEREY ST,,ALHAMBRA,CA,918012517
7060 DEER LODGE CIRCLE,105,JACKSONVILLE,FL,
477 Penquin Dr,,Satellite Beach,FL,
736 GLEN ABBEY DR,,MANSFIELD,TX,760633702
110 COUNTRY PLACE DR,,DEATSVILLE,AL,36022    
91 PINE RIDGE BLVD,,WHITING,NJ,
465 ALAMEDA ST,,DETROIT,MI,000048203
185 FIRETHORNE DRIVE,,NEWNAN,GA,30265    
5755 W CORTEZ ST,,GLENDALE,AZ,85304    
470 EAST HILLSDALE AVE,,SEVEN HILLS,OH,44131    
1496 JOHN CARROLL DR,,PENSACOLA,FL,32504    
5620 SCHOOLFIELD CT,,CENTREVILLE,VA,201202963
02295 RED ALDER STREET,,HENDERSON,NV,
8500 HARWOOD RD,#2422,N RICHLAND HILLS,TX,76180    
173 Stegall Place,,Dawsonville,GA,
122 WINDSOR DR,,EATONTON,GA,31024    
55 SUNDOWN RD.,,FORT DEPOSIT,AL,
321 E 37TH ST,,CUT OFF,LA,703452615
410 SIMON ROAD,,LAPINE,AL,36046    
5678 AVONDALE RD,,PENSACOLA,FL,325262002
6207 LBJ FWY,,DALLAS,TX,75240    
107 PINE STREET,,ATLANTA,GA,30313    
973 LAKE ASBURY DR,,GREEN COVE SPRINGS,FL,32043    
3160 BERRY LN,APT 94,ROANOKE,VA,240186322
24819 CUTBANK RD,,MC KENNEY,VA,238722354
5180 Jones Court,,Morrow,GA,
578 OLD HIGHWAY 13,,MONTICELLO,AR,716553898
501 Prentiss Pt,,Marietta,GA,
8207 PARMENTER DR,,PARMA,OH,44129    
18277 HEYDEN ST,,DETROIT,MI,000048219
2065 FAIRBURN RD,,DOUGLASVILLE,GA,301351072
2512 HIGHTREE ST,,NORTH LAS VEGAS,NV,890305924
19 MAIN STREET,,CONCORD,MA,
3808N     LINCOLN AVE,,TAMPA,FL,
8017 MARLBOROUGH AVENUE,,PARMA,OH,44129    
3012 SOUTHPARK LN,,FORT WORTH,TX,761336406
5146 SW HOLLOW RD,,POLO,MO,64671    
41 JENNINGS DRV,,CONCORD,NH,03301    
1265 PORTLAND,,WESTLAND,MI,48185    
6603 BETHANY RD,,CHARLESTOWN,IN,47111    
214 SABLE TRACE DR,,ACWORTH,GA,301027616
2225 ORLEANS ST W,APT 325,STILLWATER,MN,
161 RICHLAND ROAD,,FREDERICKSBURG,VA,
431 W WINTERGREEN RDAPT 9102 ,,DESOTO,TX,75115    
141 LAW GROUND CREEK ROAD,,TALKING ROCK,GA,30175    
2208 ECTOR TRL NW,,KENNESAW,GA,301524797
P.O. Box 744,,Auburn,NY,
224 MORNING MIST LN,,WOODSTOCK,GA,301883778
775 MARSHVIEW CLOSE,,ROSWELL,GA,300763284
304 Pine Log Lane,,Canton,GA,30115    
PO BOX 1346,,NEWBERRY,FL,
17206 GRAYSTONE,,DALLAS,TX,
22437 LAVON ST,,ST CLAIR SHORES,MI,48081    
519 WEST MAIN STREET BORDEN INDIANA,,BORDEN,IN,47106    
4040 BROWNS BRIDGE R,,CUMMING,GA,300410000
4433 PEPPER AVE,,MONTGOMERY,AL,36109    
4234 KLAIS DR,,CLARKSTON,MI,000048348
8537 W GRANITE POINT RD,,COEUR D ALENE,ID,83814    
319 HOBCAW DR,,MT PLEASANT,SC,294642541
2801 BLOOMFIELD RD,TRLR 55,CPE GIRARDEAU,MO,637036345
818 Bank St. NW,,Palm Bay,FL,
10860 MYERON RD N,,STILLWATER,MN,550829571
PO BOX 405,,WETUMPKA,AL,360920007
519 SNOWFALL TER,,PALMETTO,GA,302681401
2576 Bagley Rd.,,Cumming,GA,
207 S 3RD AVE,,BUCKEYE,AZ,85326    
2606 AIRWOOD DR.,,MONTGOMERY,AL,
2690 Old Covington Rd,,Conyers,GA,
14843 57th St N,,Stillwater,MN,
3654 CHARLOTTE DR,,REX,GA,30273    
142 S Ridgeland,,Oak Park,IL,
74 SMITHTOWN POLK BLVD,,CENTEREACH,NY,117203201
1674 OAKBROOK LAKE DR,,NORCROSS,GA,300931758
RT 2 BOX 683,,OLD TOWN,FL,32680    
1201 W CENTRAL,,FORT WORTH,TX,
3825 Hedgecliff Court,,Alpharetta,GA,30022    
4005 PIEDMONT DRIVE,,MONTGOMERY,AL,
1437 OLD LASCASSAS RD,,MURFREESBORO,TN,371301760
88 COUNTRY LN,,VALLEY VIEW,TX,
12 FRANKLIN AVE,,RIVER FOREST,IL,603052112
128 THAXTON ROAD,,FRANKLIN,GA,30217    
8919 PARK RD,APT 3000,CHARLOTTE,NC,
3662 WAYBURN ST,,DETROIT,MI,48224    
2163 REGENCY HILLS DR,,SHELBY TOWNSHIP,MI,48316    
2000 ARMINDA CT,,ALPHARETTA,GA,30022    
11400 N 112TH AVE,,YOUNGTOWN,AZ,85363    
391 MAIN ST,,CUMBERLAND CENTER,ME,040213911
3401 OLD DOBBIN ROAD,,MONTGOMERY,AL,
1223 BEACON PKWY E,APT A,BIRMINGHAM,AL,352091017
10901 BRIGHTON BAY BLVD NE,APT 9206,SAINT PETERSBURG,FL,33716    
3890 NE 170 AVE,,WILLISTON,FL,32696    
22335 FRESARD ST,,SAINT CLAIR SHORES,MI,48080    
7540 ZIEGLER ST,,TAYLOR,MI,48180    
1040 TARILTON ROAD,,TITUS,AL,36080    
8911 MIDNIGHT PASS RD,315,SARASOTA,FL,34242    
135 BEECHWOOD PLACE,,PLANO,TX,
30 MAPLE ST,,BEACHWOOD,NJ,087224644
1122 S 5TH AVE,,SAFFORD,AZ,85546    
627 NEW RD,,CENTER BARNSTEAD,NH,032253435
10931 TROY ST,,TAYLOR,MI,48180    
1461 FIELDCREST CIR,,ROCK HILL,SC,29732    
3725 STONEWALL CIRCLE,,ATLANTA,GA,30339    
2151 ROSEWOOD RD,,DECATUR,GA,
1510 W CAMPBELL AVE,,PHOENIX,AZ,
3 MAPLE AVE,,QUAKER HILL,CT,06375    
1909 PERSHING AVE,,PHOENIX,AZ,
PO BOX 623,,SOLVANG,CA,934640623
210 WHITEWATER RIDGE,,WETUMPKA,AL,36092    
15724 CHRISTOPHER LN,,FRISCO,TX,750353623
158 LOVERING ST,,MEDWAY,MA,020532332
5262 KINSDALE LN,,STONE MOUNTAIN,GA,300884304
1506 SANIBEL LANE,,ARLINGTON,TX,76018    
5902 JAEGERGLEN DR,,LITHIA,FL,335475863
3315 BLACKMAN RD,,MURFREESBORO,TN,371292836
7297 LARSON RD SW,,SOUTH BOARDMAN,MI,49680    
3058 LEE ST SE,,SMYRNA,GA,30080    
8413 SE ANGELINA CT,,HOBE SOUND,FL,33455    
249 N COBALT DR,,GREEN VALLEY,AZ,85614    
701 MCCULLOUGH RD,,STOCKBRIDGE,GA,30281    
5837 HANNA CT,6220 TIARA LN,CHARLOTTE,NC,
1906 TALBOT TER,,MONTGOMERY,AL,36106    
2810 WYNRIDGE,,GROVE CITY,OH,43123    
326 CAMPBELL RD,,TUNNEL HILL,GA,30755    
176 WATER ST,,HANOVER,MA,023392826
6399 CUMBERLAND DR,,REX,GA,30273    
7031 Delora Drive,,Orlando,FL,
13591 NOGALES DR,,DEL MAR,CA,
4246 WILSON ST,,MIAMI,AZ,855399767
P.O BOX 70512,,MONTGOMERY,AL,
1628 WITHMERE WAY,,DUNWOODY,GA,
9329 HANWORTH TRAIL,,CHARLOTTE,NC,
8315 N 21ST DR,UNIT 108,PHOENIX,AZ,850219341
723 Spring Valley Dr,,Melbourne,FL,
4405 W.Whippoorwill St,,Lecanto,FL,
602 MAPLE ST,,WYANDOTTE,MI,48192    
1452 BRIERS DR,,STONE MOUNTAIN,GA,300831873
1516 FENMORE ST,,LITHIA SPRINGS,GA,30122    
1586 JONES CORNER ROAD,,TITUS,AL,
305 6TH ST NW,,LE MARS,IA,510313150
1019 QUAIL DR,,STOCKBRIDGE,GA,30281    
130 WENDOLYN TRACE,,FAYETTEVILLE,GA,
4151 S VENOY,,WAYNE,MI,48184    
1408 20TH STREET S,,ARLINGTON,VA,22202    
P O Box 1529a,,Pinetop,AZ,
2742PLYLER MILL ROAD,,LANCASTER,SC,29720    
3986 CANDLER LAKE WEST,,ATLANTA,GA,30319    
8259 LAFAYETTE BLVD,,DETROIT,MI,48209    
4165 W ELLIS RD,,GRIFFIN,GA,302236820
2844 BURNT MOUNTAIN RD,,JASPER,GA,30143    
26414 KILTARTON ST,,FARMINGTON HILLS,MI,000048334
2915 W PLUM HOLLOW DR,,ANTHEM,AZ,85086    
220 NORTH SMEAD COURT,,ROSWELL,GA,30076    
25802 W ROCKAWAY HILLS RD,,MORRISTOWN,AZ,85342    
400 W 6TH ST,APT 302,NEWTON,KS,67114    
1439 LOCUSTWOOD AVE,,LANCASTER,SC,29720    
1863 RIVERTON DR,,SUWANEE,GA,300244310
3009 MONTWOOD CT.,,MONTGOMERY,AL,36116    
6054 DUNSON DR,,HALTOM CITY,TX,76148    
36 MERRY LANE,,GRADY,AL,36036    
14975 NW 30TH TER,,OKEECHOBEE,FL,349720941
900 TOLLIS PKWY,APT 506,BROADVIEW HTS,OH,44147    
6 BLUEBERRY RIDGE CT,,POTOMAC,MD,20854    
11471 S W 84th Court,,Ocala,FL,
324 SAN NICOLAS WAY,,ST AUGUSTINE,FL,320807731
112 DECATUR ST,,BROOKLYN,NY,11216    
2679 E WATERVIEW CT,,CHANDLER,AZ,
379 BRIDGE BROOK LANE,,SMYRNA,GA,30082    
1600 WEST JAJOLLA APT 2091,,TEMPE,AZ,85282    
21716 POWERS AVE,,DEARBORN HEIGHTS,MI,48125    
4531 VISTA CR,,MILLBROOK,AL,36054    
502 STREAMSIDE PLACE,,CANTON,GA,30115    
8264 HAZELTON ST,,DEARBORN HEIGHTS,MI,000048127
206 SANFORD RD,,LA VERGNE,TN,370863791
152 DELCO ST,,PONTIAC,MI,48342    
230 S 12TH AVE,,PHOENIX,AZ,
3090 EMBRY CT,,ATLANTA,GA,30341    
PO BOX 742,,PASO ROBLES,CA,934470742
219 KINGSLEY WAY,,WOODSTOCK,GA,301885645
218 DALE STREET,,OAKLAND CITY,IN,47660    
1502 CORINTH CT,,ALLEN,TX,
23629 W DITNER DR,,ROCKWOOD,MI,48173    
252 CHURCH ROAD SE,,SMYRNA,GA,
2946 MOTHERSHED RD,,HIGHLAND HOMES,AL,36041    
5221 W SIESTA WAY,,LAVEEN,AZ,85339    
140 Coach Dr,,Griffin,GA,30224    
4363 SAVANNAH DR,,COLLEGE PARK,GA,30349    
3735 LAKEWOOD FARM ROAD,,CUMMING,GA,30041    
4852 MILE STRETCH DR,,HOLIDAY,FL,34690    
2063 CRESTWOOD DRIVE,,FORKED RIVER,NJ,08731    
304 N 12TH ST,,OZARK,AR,729492519
24974 CHALK FARM RD W,,WARREN,MI,000048091
